file,iteration,stress,terrain_type,episodes,success_pct,fall_pct,upright_pct,mean_forward_m,mean_elevation_m
mybot_eval_down_59000.json,059000,False,3,48,100.0,0.0,100.0,3.495,-0.874
mybot_eval_turn_left_59000.json,059000,False,7,48,100.0,0.0,100.0,0.029,0.017
mybot_eval_turn_right_59000.json,059000,False,7,48,100.0,0.0,100.0,0.013,0.002
mybot_eval_up_baseline_40500.json,040500,False,2,48,25.0,0.0,100.0,1.608,0.044
mybot_eval_up_deterministic_52250.json,052250,False,2,48,77.1,2.1,93.8,2.865,0.555
mybot_eval_up_deterministic_55000.json,055000,False,2,48,77.1,0.0,91.7,2.868,0.561
mybot_eval_up_deterministic_57500.json,057500,False,2,48,83.3,0.0,89.6,2.937,0.606
mybot_eval_up_deterministic_58000.json,058000,False,2,48,79.2,0.0,95.8,2.926,0.595
mybot_eval_up_deterministic_58500.json,058500,False,2,48,83.3,4.2,87.5,2.943,0.602
mybot_eval_up_deterministic_59000.json,059000,False,2,48,83.3,2.1,95.8,2.879,0.582
mybot_eval_up_deterministic_59500.json,059500,False,2,48,81.2,0.0,95.8,2.908,0.584
mybot_eval_up_deterministic_59999.json,059999,False,2,48,77.1,2.1,93.8,2.876,0.584
mybot_eval_up_stress96_57500.json,057500,True,2,96,74.0,0.0,96.9,2.802,0.534
mybot_eval_up_stress96_58000.json,058000,True,2,96,76.0,2.1,94.8,2.848,0.552
mybot_eval_up_stress96_59000.json,059000,True,2,96,79.2,0.0,94.8,2.875,0.564
mybot_eval_up_stress96_59999.json,059999,True,2,96,76.0,1.0,92.7,2.833,0.56
mybot_eval_up_stress_52250.json,052250,True,2,48,70.8,2.1,97.9,2.873,0.538
